2017,1,27,150,1,259,315,378,886,1655,1790,2783,3050,3037,2526,3309,3357,3028,2339,2008,1533,1759,1147,541,29
2017,1,27,150,0,286,1262,1354,1802,2702,2362,2388,3496,3128,2721,2905,2809,2914,2531,2415,1594,1501,889,402,156
2017,1,27,151,1,55,76,114,146,202,216,288,295,420,538,688,820,752,715,669,451,473,363,107,3
2017,1,27,151,0,42,293,253,429,590,396,573,693,616,694,622,455,405,347,196,162,117,101,71,22
2017,1,27,152,1,112,132,151,224,253,309,520,602,785,869,1029,1336,1476,1411,1166,1309,1286,1130,495,28
2017,1,27,152,0,27,125,301,685,852,827,958,1101,1151,1110,1055,980,1061,938,588,378,241,188,97,16
2017,1,27,153,1,136,102,149,199,307,475,690,1030,1196,1351,1462,1509,1406,1185,891,782,843,700,330,9
2017,1,27,153,0,23,105,208,367,733,977,1346,1580,1649,1410,1198,974,794,589,464,361,295,212,148,65
2017,1,27,154,1,57,94,123,176,260,373,593,738,952,984,1098,970,848,769,537,476,360,228,78,2
2017,1,27,154,0,25,93,162,372,431,583,926,1106,1098,1027,873,805,613,515,269,176,147,93,45,30
2017,1,27,155,1,105,150,156,246,400,491,584,702,824,826,1016,1002,1065,856,655,498,417,321,214,4
2017,1,27,155,0,21,77,130,173,388,590,849,1157,1427,1220,1241,1299,1115,1008,814,622,488,348,267,85
2017,1,27,156,1,104,164,186,259,372,406,469,513,510,552,538,502,501,445,305,241,161,123,47,2
2017,1,27,156,0,33,74,112,160,217,284,380,482,407,408,423,345,351,341,234,286,238,213,171,29
2017,1,27,157,1,90,141,220,305,489,604,927,977,1019,1108,1152,1025,798,479,267,196,132,141,33,2
2017,1,27,157,0,35,132,200,278,503,907,1017,1129,1122,1142,1025,714,561,426,259,257,164,160,145,25
2017,1,27,158,1,214,259,382,538,870,1084,1422,1549,1680,1770,1887,1728,1464,1163,833,553,442,316,143,3
2017,1,27,158,0,59,330,506,630,724,1367,1565,1827,2020,2005,1733,1503,1363,1133,830,704,704,580,374,75
2017,1,27,159,1,40,64,65,108,166,261,434,496,702,945,1079,1032,834,500,220,139,106,59,40,3
2017,1,27,159,0,15,55,109,160,256,431,693,908,999,1035,893,553,346,209,146,136,125,75,72,90
2017,1,27,201,1,37,57,71,73,170,210,280,258,305,384,484,572,586,524,464,290,314,182,82,3
2017,1,27,201,0,16,110,128,225,329,273,243,313,349,321,335,292,298,219,134,138,121,85,81,21
2017,1,27,202,1,60,64,112,150,259,351,493,613,765,1011,1135,1318,1379,1769,1359,1134,1636,1195,559,1
2017,1,27,202,0,48,231,424,1019,939,1253,1477,1409,1334,1112,1179,1189,1038,934,621,421,349,261,135,236
2017,1,27,203,1,25,54,90,113,199,293,290,252,238,236,339,307,349,352,280,209,153,194,53,0
2017,1,27,203,0,16,120,99,178,182,178,269,290,240,275,267,257,237,218,215,151,153,103,73,16
2017,1,27,204,1,25,30,32,74,143,195,255,256,214,259,267,294,229,211,126,101,79,76,40,0
2017,1,27,204,0,8,64,69,138,166,202,212,233,223,237,215,173,170,119,73,113,109,76,69,2
2017,1,27,205,1,93,95,121,156,307,304,394,437,518,550,764,865,888,841,658,617,487,417,216,0
2017,1,27,205,0,13,119,177,219,413,545,663,764,887,1093,838,809,715,654,518,504,421,305,279,7
2017,1,27,206,1,98,137,185,300,344,464,455,497,548,594,587,558,556,432,306,267,211,147,79,0
2017,1,27,206,0,33,92,143,209,261,398,459,465,533,571,535,522,447,469,375,351,280,313,231,3
2017,1,27,207,1,82,131,162,269,393,405,380,412,406,333,323,316,338,262,202,162,121,114,51,0
2017,1,27,207,0,20,86,77,121,157,177,201,188,248,234,269,338,296,319,283,257,254,234,185,0
2017,1,27,208,1,152,186,209,369,418,417,545,539,591,562,628,662,650,633,511,460,472,442,231,0
2017,1,27,208,0,31,94,104,188,263,306,313,367,410,430,491,494,594,604,477,370,346,328,250,24
2017,1,27,209,1,29,56,51,53,85,94,98,115,132,159,176,187,195,163,137,112,131,123,51,0
2017,1,27,209,0,6,56,40,78,124,165,150,149,133,127,171,114,104,138,100,41,57,64,43,0
2017,1,27,210,1,86,129,176,214,296,281,293,372,383,356,418,362,303,301,252,186,151,114,47,0
2017,1,27,210,0,31,108,106,143,201,242,215,239,283,296,255,322,380,351,254,225,209,217,153,4
2017,1,27,211,1,97,141,216,313,348,325,337,397,467,505,462,526,572,544,404,349,281,215,75,1
2017,1,27,211,0,43,273,165,277,282,420,356,400,452,567,497,431,508,425,305,275,252,216,285,180
2017,1,27,212,1,580,604,540,884,1024,1048,1224,1283,1429,1437,1583,1677,1676,1714,1501,1565,1735,1807,932,0
2017,1,27,212,0,45,240,236,424,603,1012,1338,1654,1790,1810,1785,1943,2221,2220,1829,1395,1341,1126,774,63
2017,1,27,213,1,152,321,399,708,697,774,795,753,755,696,703,679,563,520,447,358,302,222,108,0
2017,1,27,213,0,30,199,139,215,323,378,386,424,542,526,512,644,672,711,551,577,573,593,392,0
2017,1,27,214,1,211,279,459,845,1471,2184,2473,2422,2426,2291,2147,2088,2042,1645,1262,1051,953,782,291,0
2017,1,27,214,0,156,2237,2436,3098,3554,3436,3290,3215,3372,3388,3212,3072,2817,2647,1957,1524,1289,1040,763,0
2017,1,27,215,1,58,120,177,299,430,376,466,446,441,477,415,424,400,342,273,211,135,102,57,0
2017,1,27,215,0,32,146,105,156,209,253,329,311,331,323,341,444,398,425,299,248,237,240,207,0
2017,1,27,216,1,239,498,649,953,1483,1493,1905,2167,2497,2646,3104,3647,3940,4117,3397,3117,3223,3152,1058,0
2017,1,27,216,0,121,551,634,1449,2402,2669,2976,3089,3174,3290,3097,3276,2983,2539,2011,1491,1294,1230,840,0
2017,1,27,217,1,156,268,337,472,597,672,693,816,887,899,800,789,708,691,600,518,532,536,311,0
2017,1,27,217,0,15,151,159,229,408,442,529,601,713,692,722,980,1060,1045,805,700,648,540,311,0
2017,1,27,218,1,60,113,136,210,247,399,311,521,288,369,264,268,279,252,192,122,122,82,36,0
2017,1,27,218,0,25,146,83,167,151,181,202,208,185,227,211,263,286,290,242,226,239,226,168,16
2017,1,27,219,1,136,198,215,299,341,358,469,714,825,1078,1281,1804,1846,1879,1485,1476,1173,1019,252,0
2017,1,27,219,0,51,341,387,655,1092,1094,1529,1685,1589,1512,1454,1253,1164,840,656,397,319,276,134,287
2017,1,27,220,1,185,280,294,336,415,465,468,597,592,612,660,650,741,772,588,579,802,429,200,0
2017,1,27,220,0,41,302,292,549,578,445,359,421,457,478,485,480,460,442,388,340,319,223,188,18
2017,1,27,221,1,149,257,213,285,346,363,434,505,539,567,572,847,650,660,521,428,809,376,167,0
2017,1,27,221,0,61,264,270,395,561,491,530,623,734,526,474,484,615,494,346,321,259,214,127,0
2017,1,27,222,1,700,670,512,602,879,1173,1370,1971,2265,2315,2572,3010,3307,3222,2674,2527,3087,3077,1409,0
2017,1,27,222,0,126,702,866,1571,3028,2604,2222,2911,3303,2799,2636,2757,2637,2695,1926,1354,1140,807,605,1
2017,1,27,223,1,102,258,187,316,325,352,481,519,536,604,595,619,604,620,442,437,485,413,194,1
2017,1,27,223,0,73,323,337,475,596,492,487,609,570,630,551,516,592,570,394,339,346,282,228,1
2017,1,27,224,1,27,117,94,126,212,197,237,247,273,234,240,301,272,315,174,175,158,139,61,0
2017,1,27,224,0,29,171,123,202,215,198,205,222,249,239,213,250,218,199,157,138,106,132,68,0
2017,1,27,225,1,58,154,152,204,321,359,378,375,405,406,396,389,460,381,244,201,219,182,104,0
2017,1,27,225,0,58,146,118,217,285,265,221,297,328,347,347,333,369,364,270,245,305,291,198,0
2017,1,27,226,1,241,290,415,551,768,833,887,1063,1336,1139,1125,1093,1136,1026,820,698,734,740,407,0
2017,1,27,226,0,80,336,283,456,667,858,931,1039,1059,1116,1048,1171,1448,1388,1049,904,955,839,647,104
2017,1,27,227,1,236,434,515,787,964,961,987,1099,1134,1047,1031,964,957,764,565,442,326,269,122,0
2017,1,27,227,0,48,163,182,228,343,415,366,505,559,515,630,662,643,779,684,566,585,614,512,4
2017,1,27,228,1,453,618,838,1210,1390,1485,1638,1731,1831,1901,1706,1812,1722,1545,1104,925,912,800,372,2
2017,1,27,228,0,74,317,308,467,752,864,894,1028,1121,1026,1241,1253,1329,1389,1200,1030,993,1131,750,425
2017,1,27,229,1,203,331,416,631,813,779,841,866,789,791,715,652,650,548,409,333,282,198,99,0
2017,1,27,229,0,48,134,133,190,319,397,495,517,566,548,624,677,717,678,570,526,497,502,357,3
2017,1,27,230,1,844,1092,1539,2114,2587,2566,2687,2826,2709,2650,2631,2749,2557,2621,1804,1521,1371,1220,640,0
2017,1,27,230,0,160,509,492,668,981,1276,1542,1675,1904,1949,2000,2137,2293,2657,2104,1838,2053,1931,1478,7
2017,1,27,231,1,259,371,671,898,1249,1198,1161,1181,1146,1131,1030,969,839,802,562,525,417,280,144,0
2017,1,27,231,0,26,250,233,296,430,562,663,740,765,819,841,1000,1000,905,863,824,842,812,584,0
2017,1,27,232,1,447,623,934,1365,1657,1731,1800,1877,1913,1603,1624,1657,1631,1389,1128,931,802,683,395,0
2017,1,27,232,0,105,414,366,541,791,943,1267,1145,1396,1523,1519,1579,1540,1652,1560,1304,1364,1338,1007,3
2017,1,27,233,1,300,404,565,947,1266,1236,1362,1329,1393,1401,1243,1292,1068,884,699,632,487,420,205,3
2017,1,27,233,0,64,259,253,417,670,1173,1639,1493,1294,1370,1361,1260,1335,1229,953,819,987,965,615,52
2017,1,27,234,1,481,540,686,1094,1363,1479,1654,1773,1988,1898,1891,2035,1976,1784,1350,1084,1006,863,448,8
2017,1,27,234,0,119,437,396,604,774,1021,1351,1565,1809,1811,1837,1840,1903,1894,1533,1353,1330,1287,1357,494
2017,1,27,235,1,83,117,173,260,288,274,370,391,375,443,398,347,344,376,275,235,254,208,84,0
2017,1,27,235,0,33,103,161,233,332,271,283,315,378,367,368,332,383,359,329,226,269,191,165,1
2017,1,27,236,1,99,161,199,274,369,397,420,496,484,435,427,412,455,447,317,245,207,175,94,1
2017,1,27,236,0,40,145,167,205,295,315,328,327,411,383,374,402,416,409,332,270,250,230,234,13
2017,1,27,237,1,96,150,190,304,442,482,525,514,535,463,465,447,463,394,286,252,174,170,104,0
2017,1,27,237,0,44,146,122,189,309,288,387,423,402,410,451,511,573,529,460,384,370,403,331,19
2017,1,27,238,1,251,273,315,396,556,600,659,784,829,764,941,1073,1055,1129,919,774,1086,1005,536,6
2017,1,27,238,0,29,157,200,335,513,610,816,964,1139,1127,1092,1099,1305,1195,904,623,500,468,336,68
2017,1,27,239,1,1767,1266,815,859,1014,1269,1416,1589,1814,2144,2608,3183,3816,3893,3666,3639,4284,4401,2394,20
2017,1,27,239,0,61,283,317,492,995,1699,2386,3449,4004,4535,4246,4046,4284,4332,3141,2346,2100,1612,1236,487
2017,1,27,240,1,364,410,407,510,664,886,1095,1239,1365,1524,1696,1702,1951,2115,1696,2150,1674,1786,936,0
2017,1,27,240,0,61,207,311,568,1403,1103,1250,1462,1641,1787,1711,1700,1977,1824,1269,994,777,651,485,45
2017,1,27,241,1,62,107,164,217,333,325,375,488,559,540,673,619,693,748,471,317,318,321,71,0
2017,1,27,241,0,18,82,79,141,359,422,509,644,617,572,569,633,550,418,309,249,240,248,188,10
2017,1,27,242,1,62,108,113,207,315,365,322,348,335,332,297,306,291,262,191,113,88,81,39,0
2017,1,27,242,0,17,58,59,104,127,158,207,233,228,273,296,300,305,326,233,199,254,183,156,0
2017,1,27,243,1,42,122,129,206,233,240,343,275,280,234,237,283,247,216,151,122,113,94,32,0
2017,1,27,243,0,35,99,74,149,140,193,180,177,201,241,230,218,255,254,215,194,187,208,166,6
2017,1,27,244,1,34,43,50,92,113,135,104,137,127,108,101,118,86,63,43,40,24,25,10,0
2017,1,27,244,0,1,25,16,41,41,52,66,84,88,87,86,106,117,80,92,83,86,67,59,0
2017,1,27,245,1,19,21,21,39,42,40,44,47,36,38,27,41,29,22,20,17,9,6,8,0
2017,1,27,245,0,2,6,15,15,20,27,45,27,42,23,37,43,45,61,44,20,47,35,29,0
2017,1,27,246,1,24,18,35,38,73,90,112,109,171,172,197,210,158,95,68,46,27,23,7,0
2017,1,27,246,0,2,22,33,48,76,87,114,183,183,143,136,91,64,52,46,42,45,40,39,0
2017,1,27,247,1,11,8,17,20,17,24,30,21,25,24,14,21,26,21,10,6,6,5,5,0
2017,1,27,247,0,9,8,11,12,10,19,12,13,12,12,16,18,24,16,13,20,11,13,8,0
2017,1,27,248,1,87,91,174,209,255,242,244,279,271,200,230,201,178,147,71,71,47,37,19,0
2017,1,27,248,0,24,32,50,63,86,104,109,168,180,155,188,179,260,272,207,170,207,173,133,0
2017,1,27,249,1,117,141,195,299,380,395,376,413,391,388,366,355,302,242,174,161,158,112,39,0
2017,1,27,249,0,30,72,96,105,148,209,268,254,259,336,326,350,429,453,354,322,276,300,205,0
2017,1,27,250,1,16,15,21,53,51,74,55,96,98,86,91,90,95,82,57,37,26,26,9,0
2017,1,27,250,0,2,17,28,40,53,54,89,92,79,82,91,101,85,71,71,41,40,46,33,0
2017,1,27,309,1,1,8,15,49,36,22,42,49,44,58,39,46,32,18,6,10,5,3,2,0
2017,1,27,309,0,0,5,12,32,37,28,43,35,36,32,45,35,54,47,31,27,37,28,14,0
2017,1,27,310,1,141,199,317,427,572,525,489,614,683,655,760,868,875,821,663,580,514,520,77,0
2017,1,27,310,0,21,100,198,302,585,542,606,840,742,702,721,709,768,754,532,400,346,327,323,53
2017,1,27,311,1,443,565,830,1205,1490,1515,1699,1718,1872,1597,1607,1524,1499,1249,1029,811,767,564,289,1
2017,1,27,311,0,36,265,314,424,680,906,1114,1067,1176,1302,1568,1538,1703,1761,1690,1354,1226,1176,877,66
2017,1,27,312,1,174,213,335,477,533,645,684,749,775,791,728,635,711,544,428,347,268,263,66,1
2017,1,27,312,0,29,116,173,323,521,654,639,618,674,707,709,729,758,793,599,510,458,432,281,48
2017,1,27,313,1,176,201,296,425,462,470,492,478,431,485,386,387,360,307,215,147,108,81,34,0
2017,1,27,313,0,24,97,67,147,154,191,263,237,347,264,328,371,422,404,326,320,330,286,232,0
2017,1,27,314,1,182,305,397,522,696,763,786,720,747,709,643,643,606,485,346,274,222,169,69,0
2017,1,27,314,0,27,147,165,201,298,378,417,516,510,548,622,656,739,720,651,559,437,498,311,0
2017,1,27,315,1,36,56,81,121,173,166,170,146,182,157,132,138,106,84,73,42,37,22,10,0
2017,1,27,315,0,7,31,28,40,71,76,69,115,104,112,105,126,152,159,154,102,107,113,69,0
2017,1,27,316,1,85,83,103,160,214,220,275,274,259,294,321,238,222,178,106,77,92,59,24,0
2017,1,27,316,0,16,50,58,111,128,186,251,219,231,271,256,220,215,202,189,176,148,127,74,113
2017,1,27,317,1,76,95,143,271,351,379,420,501,650,722,783,881,926,695,430,344,359,248,76,0
2017,1,27,317,0,13,114,200,323,512,721,886,987,933,820,740,552,514,391,273,158,188,146,100,16
2017,1,27,318,1,37,51,80,160,152,223,238,378,441,586,793,949,1303,1043,679,491,324,249,60,0
2017,1,27,318,0,18,102,173,355,576,854,908,966,1077,1075,839,658,522,311,240,173,164,100,59,4
2017,1,27,319,1,24,25,39,53,68,84,134,118,144,157,176,207,195,210,180,117,88,101,56,0
2017,1,27,319,0,8,26,54,116,135,204,296,360,353,352,292,282,244,187,144,91,130,56,60,5
2017,1,27,320,1,9,21,36,46,75,95,128,115,102,96,181,100,129,121,115,56,100,75,19,0
2017,1,27,320,0,9,42,53,85,92,89,169,139,136,158,117,129,134,140,70,67,42,49,46,0
2017,1,27,322,1,44,92,88,113,128,143,149,175,216,214,251,255,441,602,340,232,497,245,81,0
2017,1,27,322,0,18,144,188,518,299,367,546,337,262,358,231,240,197,181,147,114,96,72,71,3
2017,1,27,323,1,119,157,162,296,408,410,445,449,466,455,394,379,405,363,260,258,189,186,76,2
2017,1,27,323,0,18,72,104,154,193,213,222,287,287,304,371,395,440,437,388,270,252,240,204,94
2017,1,27,324,1,44,138,135,249,299,279,313,295,313,317,292,250,237,198,166,160,98,79,34,0
2017,1,27,324,0,15,79,62,80,115,152,175,223,219,212,246,313,240,316,242,191,208,197,129,0
2017,1,27,325,1,49,118,154,237,284,306,335,344,357,374,297,276,275,250,183,131,113,78,22,0
2017,1,27,325,0,29,76,65,135,182,170,165,199,220,292,297,321,341,379,309,277,244,227,150,16
2017,1,27,326,1,96,187,156,198,303,529,660,705,834,979,1053,1182,1329,1279,1138,1585,751,469,187,0
2017,1,27,326,0,17,279,369,997,2093,1188,1048,986,1053,1001,956,924,911,700,488,293,192,160,127,54
2017,1,27,327,1,187,208,241,301,297,407,464,570,566,651,801,880,1008,1003,964,882,880,768,283,0
2017,1,27,327,0,24,274,226,414,877,714,819,862,968,924,904,849,945,717,592,343,274,213,206,2
2017,1,27,328,1,34,98,61,105,174,161,187,189,177,157,160,175,153,150,92,74,80,65,16,0
2017,1,27,328,0,17,53,60,75,92,104,108,100,145,147,125,150,182,176,117,93,78,97,69,0
2017,1,27,329,1,324,239,367,605,987,1380,2032,2399,2672,2858,3116,3178,3080,2647,2181,1817,1504,1269,422,0
2017,1,27,329,0,307,3025,3546,4140,4725,4933,5242,5086,5093,4977,4368,4131,3628,3100,2149,1542,1277,847,613,20
2017,1,27,330,1,45,85,75,137,126,162,169,174,173,193,200,205,221,230,140,141,162,155,51,0
2017,1,27,330,0,8,54,84,88,106,94,108,113,107,128,133,124,109,100,91,60,44,43,40,1
2017,1,27,331,1,122,218,292,481,705,998,1277,1335,1342,1221,1277,1165,1421,1117,816,607,780,421,148,0
2017,1,27,331,0,36,1194,1435,1865,1940,2013,1974,2044,1915,2035,1787,1611,1287,1383,776,574,435,412,170,1
2017,1,27,332,1,126,272,348,529,486,557,620,662,676,689,650,682,759,748,586,424,433,288,119,0
2017,1,27,332,0,31,386,359,514,670,500,512,609,564,531,574,644,626,572,439,456,308,322,252,26
2017,1,27,333,1,40,94,106,129,173,198,194,257,227,207,222,212,220,212,153,116,143,93,29,0
2017,1,27,333,0,13,70,70,144,171,137,142,146,160,190,158,161,178,178,138,115,98,123,79,6
2017,1,27,334,1,26,62,63,96,120,129,176,183,171,174,181,185,174,154,110,85,104,86,29,0
2017,1,27,334,0,7,48,81,137,164,102,100,124,151,105,106,133,143,133,88,78,96,102,52,50
2017,1,27,335,1,51,227,166,236,251,286,336,358,391,316,363,376,457,321,279,210,176,239,47,0
2017,1,27,335,0,22,170,189,238,282,247,234,263,321,274,258,277,339,249,204,135,119,128,106,5
2017,1,27,336,1,13,21,19,39,38,42,60,67,62,64,76,44,67,32,33,17,26,36,5,0
2017,1,27,336,0,6,24,28,33,35,42,64,48,57,56,57,68,48,36,33,38,32,25,22,0
2017,1,27,337,1,67,118,166,280,264,291,312,292,338,243,304,242,282,190,149,114,112,82,33,0
2017,1,27,337,0,16,76,60,114,161,114,153,165,160,204,195,222,253,258,228,172,172,194,124,13
2017,1,27,338,1,42,74,95,151,186,191,197,268,208,186,192,217,170,153,122,95,58,37,14,0
2017,1,27,338,0,24,103,94,74,118,194,148,178,182,166,181,170,243,187,124,126,116,93,71,6
2017,1,27,339,1,99,152,215,476,493,570,619,764,629,553,617,602,522,543,404,372,266,218,110,0
2017,1,27,339,0,36,388,407,458,690,603,541,808,684,738,633,751,907,853,704,586,463,339,160,31
2017,1,27,340,1,82,117,122,224,245,290,344,463,351,374,341,303,354,316,202,188,169,110,46,0
2017,1,27,340,0,16,105,104,200,210,221,316,299,339,281,337,308,335,260,185,156,174,130,121,14
2017,1,27,341,1,45,94,104,184,213,187,199,217,217,214,180,167,172,119,114,69,72,49,14,0
2017,1,27,341,0,2,50,69,79,97,84,117,118,142,129,137,167,198,174,147,128,110,112,100,7
2017,1,27,342,1,59,84,118,204,227,177,214,218,177,181,163,167,154,131,83,66,44,48,9,0
2017,1,27,342,0,0,36,41,57,57,65,79,127,108,108,151,141,162,159,154,111,117,108,122,17
2017,1,27,409,1,115,150,241,373,463,456,460,467,494,467,480,482,437,387,297,228,176,110,33,1
2017,1,27,409,0,0,132,112,184,242,374,365,386,385,453,462,456,538,547,488,417,437,378,315,57
2017,1,27,410,1,194,266,463,573,720,718,803,778,785,724,650,646,622,525,412,310,263,214,62,2
2017,1,27,410,0,6,165,133,239,347,352,449,531,455,575,594,666,725,764,716,580,574,535,450,40
2017,1,27,411,1,225,303,350,505,572,583,658,818,807,792,788,824,844,809,718,536,605,583,297,2
2017,1,27,411,0,7,148,165,330,422,466,575,704,795,778,929,919,1108,951,1120,839,714,713,515,69
2017,1,27,412,1,254,363,540,665,892,909,984,1099,1053,1029,1063,1036,1047,915,677,584,471,361,225,12
2017,1,27,412,0,66,249,295,445,564,664,853,882,990,1010,1170,1033,1178,1286,1033,956,837,712,712,137
2017,1,27,413,1,284,583,806,1011,1135,1186,1186,1261,1191,1198,1156,1095,961,846,607,503,360,291,113,0
2017,1,27,413,0,22,226,265,321,428,518,746,782,782,824,915,987,1067,1237,1083,941,1003,888,660,9
2017,1,27,414,1,405,663,912,1382,1563,1574,1681,1721,1793,1679,1449,1565,1516,1265,1012,896,784,583,334,0
2017,1,27,414,0,56,306,377,487,729,886,1019,1002,1372,1272,1359,1614,1803,1828,1697,1478,1364,1227,916,0
2017,1,27,415,1,192,277,370,548,673,631,643,699,750,648,608,569,615,461,390,361,222,192,59,0
2017,1,27,415,0,33,137,120,178,285,384,397,461,532,589,626,610,643,645,531,523,438,383,311,0
2017,1,27,416,1,210,403,559,863,994,1070,1087,1067,1286,1105,1149,1254,1231,1027,836,820,520,421,210,0
2017,1,27,416,0,62,196,217,414,605,686,812,973,978,1018,1114,1203,1373,1377,1175,997,835,797,548,0
2017,1,27,417,1,169,384,437,623,799,812,847,863,831,817,797,921,836,849,527,439,312,230,95,0
2017,1,27,417,0,44,155,202,283,403,490,555,615,643,668,778,750,830,937,746,629,595,676,455,0
2017,1,27,418,1,136,284,360,523,646,757,816,914,894,898,905,880,917,884,651,583,551,514,225,0
2017,1,27,418,0,38,135,180,260,385,456,481,590,724,739,742,781,866,859,717,569,501,463,336,0
2017,1,27,419,1,138,191,208,321,424,474,501,501,563,564,495,531,548,470,320,267,219,169,55,0
2017,1,27,419,0,16,106,150,162,221,244,317,353,340,385,401,437,496,420,362,299,280,314,223,295
2017,1,27,420,1,118,205,250,296,345,488,525,647,739,918,1182,1449,1961,1914,1675,1696,1822,1517,631,0
2017,1,27,420,0,30,210,212,384,566,756,1117,1470,2088,2411,1815,1654,1678,1354,673,530,403,294,287,10
2017,1,27,421,1,116,46,105,95,105,159,251,346,418,619,752,775,686,620,602,412,322,274,184,2
2017,1,27,421,0,17,111,176,189,333,413,492,682,612,641,588,497,471,477,310,227,161,85,62,9
2017,1,27,422,1,100,91,150,170,289,327,346,471,551,750,938,1049,1125,1259,1049,824,718,597,302,0
2017,1,27,422,0,21,153,240,335,467,534,644,771,886,977,851,768,705,640,517,488,360,296,273,6
2017,1,27,423,1,97,156,182,287,415,384,544,514,540,535,650,676,803,739,570,470,423,395,139,1
2017,1,27,423,0,22,144,252,431,547,381,548,573,639,641,661,546,548,493,382,344,272,284,231,38
2017,1,27,424,1,44,107,138,199,479,674,788,823,1030,1245,1585,2068,2333,2401,2189,2078,2152,2309,902,0
2017,1,27,424,0,32,257,417,674,1072,1426,1699,2191,2479,2389,2676,2420,2449,1928,1647,1110,762,439,184,18
2017,1,27,425,1,56,77,100,181,237,358,495,561,642,795,850,962,957,1061,878,1241,830,195,78,0
2017,1,27,425,0,8,157,262,841,1217,804,1079,965,915,809,804,770,602,489,304,231,177,135,105,16
2017,1,27,426,1,67,108,102,150,237,263,339,394,337,349,391,343,361,343,265,221,193,117,66,2
2017,1,27,426,0,29,280,348,502,562,598,684,864,859,826,930,885,1025,874,924,684,692,419,257,147
2017,1,27,427,1,48,116,155,221,338,365,351,419,407,384,385,383,398,402,316,242,230,169,159,0
2017,1,27,427,0,9,110,88,163,200,211,236,229,277,324,291,354,331,428,292,293,272,245,207,0
2017,1,27,428,1,16,24,33,70,81,72,103,112,117,144,147,121,125,128,92,64,58,51,17,0
2017,1,27,428,0,7,36,66,76,77,98,126,154,164,182,149,134,144,135,81,69,76,71,87,10
2017,1,27,429,1,30,61,80,139,152,219,244,278,365,348,432,397,427,491,340,358,287,238,72,0
2017,1,27,429,0,36,249,335,548,478,556,619,522,637,644,658,521,443,407,361,295,177,108,64,0
2017,1,27,430,1,15,68,76,122,189,171,267,355,350,413,513,629,633,500,278,141,108,76,34,0
2017,1,27,430,0,15,141,121,293,289,320,390,413,553,539,444,325,265,257,189,144,129,127,79,0
2017,1,27,431,1,14,17,50,62,70,70,88,74,80,94,96,82,78,57,36,17,26,12,6,1
2017,1,27,431,0,3,23,34,37,38,66,55,76,71,74,82,72,91,64,52,51,42,22,30,12
2017,1,27,432,1,111,228,256,382,509,640,734,758,790,785,850,800,716,690,515,443,424,402,159,0
2017,1,27,432,0,23,143,164,299,481,585,626,715,775,772,875,827,930,894,662,559,494,383,301,17
2017,1,27,433,1,166,262,397,583,781,889,1008,1103,1181,1134,1063,950,818,764,577,582,455,417,174,1
2017,1,27,433,0,15,192,139,208,354,478,626,685,645,618,694,732,835,835,607,484,474,445,358,95
2017,1,27,434,1,11,10,9,99,53,44,43,96,103,46,46,43,36,41,18,8,3,7,3,0
2017,1,27,434,0,0,11,26,26,20,37,28,30,35,30,24,20,34,34,47,16,12,13,9,9
2017,1,27,2511,1,83,114,157,220,233,270,281,269,260,278,279,258,229,189,161,105,78,48,30,0
2017,1,27,2511,0,2,87,42,96,120,124,147,175,165,173,221,253,297,291,233,261,230,214,158,39
2017,1,27,2512,1,78,88,133,173,183,161,200,210,188,214,229,241,210,217,116,110,74,77,27,0
2017,1,27,2512,0,1,108,69,119,124,117,141,179,173,168,184,202,168,217,197,176,133,159,120,13
2017,1,27,2513,1,8,21,36,119,228,178,239,347,431,456,574,551,576,646,440,459,389,388,139,0
2017,1,27,2513,0,65,203,213,264,416,412,445,528,499,645,492,545,528,499,275,181,89,60,34,2
2017,1,27,2514,1,65,119,167,291,388,516,445,473,441,390,446,408,301,304,229,204,154,136,62,1
2017,1,27,2514,0,25,106,91,170,189,262,276,382,374,303,482,409,481,472,404,359,275,265,194,10
2017,1,27,2515,1,44,67,73,110,150,150,133,140,144,129,124,119,103,77,46,37,28,26,8,0
2017,1,27,2515,0,15,42,33,47,42,43,55,73,77,58,104,91,120,130,107,93,97,99,88,7
2017,1,27,2516,1,56,115,113,209,218,262,262,299,297,333,356,318,317,357,295,202,200,239,59,0
2017,1,27,2516,0,16,65,106,136,250,178,245,341,285,301,299,375,384,408,306,206,219,168,97,5
2017,1,27,2517,1,110,227,272,367,514,485,592,564,582,543,500,494,437,371,282,216,177,126,53,0
2017,1,27,2517,0,32,84,92,185,230,283,305,365,389,408,487,466,613,570,480,412,428,397,301,6
2017,1,27,2518,1,315,396,558,936,965,1105,973,1126,1005,1024,937,927,813,707,535,464,366,324,108,0
2017,1,27,2518,0,27,194,189,257,296,474,511,624,641,612,755,858,929,1064,1019,899,744,728,573,111
2017,1,27,2519,1,337,462,669,954,1199,1206,1299,1268,1180,1124,1062,1042,878,851,630,510,451,325,153,0
2017,1,27,2519,0,42,212,202,286,443,526,634,711,811,843,958,1051,1158,1236,1049,982,888,803,647,88
2017,1,27,2520,1,173,203,318,515,604,477,534,509,492,414,432,401,369,323,223,173,142,102,36,0
2017,1,27,2520,0,23,80,106,136,176,205,235,270,276,317,315,393,389,472,388,339,370,350,251,21
2017,1,27,2521,1,165,175,294,406,456,503,541,546,531,496,487,542,464,500,297,291,223,229,100,0
2017,1,27,2521,0,31,102,95,219,263,262,340,348,383,416,401,507,546,554,507,470,452,413,297,38
2017,1,27,2522,1,121,178,228,312,403,440,547,665,744,737,832,998,993,980,936,1229,722,565,230,0
2017,1,27,2522,0,28,152,230,585,1136,695,757,738,870,751,1001,891,956,942,631,546,365,368,265,4
2017,1,27,2523,1,47,63,89,135,131,154,164,188,146,188,132,150,135,111,89,79,39,41,22,0
2017,1,27,2523,0,16,47,38,46,84,109,93,106,96,115,107,128,138,128,108,110,97,90,66,1
2017,1,27,2524,1,29,26,39,61,54,86,72,81,71,68,83,92,72,64,60,39,44,29,12,0
2017,1,27,2524,0,10,29,34,55,62,67,52,60,52,84,68,87,75,79,46,36,38,29,33,0
2017,1,27,2525,1,30,60,82,101,135,173,163,234,207,224,234,247,275,227,199,147,152,117,40,0
2017,1,27,2525,0,15,73,90,123,158,189,217,262,292,278,303,226,234,176,145,99,106,100,52,0
2017,1,27,2526,1,19,31,43,78,69,79,63,74,73,70,70,66,67,63,47,33,36,31,14,0
2017,1,27,2526,0,1,30,21,42,60,43,55,48,71,59,49,75,67,67,56,61,49,56,37,0
2017,1,27,2527,1,63,82,113,124,139,121,172,173,210,255,328,305,414,356,315,319,348,258,93,2
2017,1,27,2527,0,29,137,169,267,373,275,344,372,378,381,395,375,337,291,201,116,96,92,69,54
2017,1,27,2528,1,16,52,38,86,63,68,115,89,132,149,161,239,228,205,148,178,153,86,49,0
2017,1,27,2528,0,21,34,93,113,115,171,176,129,146,173,196,165,188,170,143,166,57,50,27,6
2017,1,27,2529,1,70,106,134,207,246,313,330,300,338,307,275,309,262,280,207,173,163,142,64,2
2017,1,27,2529,0,24,93,87,154,228,200,209,245,194,263,307,253,313,321,298,174,181,171,151,3
2017,1,27,2530,1,41,86,80,147,182,222,275,261,232,239,266,252,281,244,237,191,191,117,59,0
2017,1,27,2530,0,16,74,88,155,180,160,205,210,226,211,219,291,256,274,203,212,163,141,116,4
2017,1,27,2531,1,44,75,72,119,143,170,167,237,180,180,178,199,151,144,103,90,56,49,21,2
2017,1,27,2531,0,10,52,52,66,94,85,89,98,157,142,150,140,145,177,122,111,98,120,78,67
2017,1,27,2532,1,20,35,43,73,67,64,83,101,91,71,94,73,71,62,45,33,38,25,16,0
2017,1,27,2532,0,3,13,36,32,32,38,50,34,57,61,79,70,67,68,60,71,65,66,44,5
2017,1,27,2533,1,50,76,105,202,215,217,290,325,241,298,279,327,248,266,177,130,140,116,35,0
2017,1,27,2533,0,15,101,120,223,210,210,212,258,254,241,230,228,245,207,191,149,153,126,74,6
2017,1,27,2534,1,41,49,85,185,227,223,315,369,512,755,1039,1322,1471,1401,938,758,1098,612,117,0
2017,1,27,2534,0,10,233,299,539,595,636,846,1109,1236,1462,1028,941,935,814,324,215,185,110,59,7
2017,1,27,2535,1,66,76,86,108,155,221,321,408,441,490,542,656,588,560,457,369,329,258,166,0
2017,1,27,2535,0,12,84,140,225,397,495,555,636,711,613,500,445,336,302,230,176,185,133,84,15
2017,1,27,2536,1,5,18,13,30,40,50,71,62,89,79,89,90,111,91,52,33,39,27,15,0
2017,1,27,2536,0,2,28,49,64,74,107,106,103,129,118,90,79,70,53,49,23,22,11,17,0
2017,1,27,2537,1,7,15,20,18,44,47,45,61,34,35,52,53,64,92,55,34,27,31,11,0
2017,1,27,2537,0,2,48,38,87,64,25,42,55,74,65,58,74,69,61,59,49,43,56,31,15
2017,1,27,2538,1,16,34,39,73,130,117,93,128,132,109,119,113,98,124,61,60,67,50,18,0
2017,1,27,2538,0,3,35,19,54,73,60,72,73,85,81,77,92,95,149,104,107,65,88,54,4
2017,1,27,2539,1,29,50,102,143,163,152,156,186,209,167,147,191,157,129,98,86,73,43,27,0
2017,1,27,2539,0,7,46,50,71,84,111,122,147,133,142,185,178,174,200,158,133,127,109,117,9
2017,1,27,2540,1,51,104,129,201,235,220,283,300,302,269,238,260,222,187,144,117,84,65,24,0
2017,1,27,2540,0,24,59,50,86,100,129,152,141,158,206,235,209,267,230,217,137,159,154,124,13
2017,1,27,2541,1,34,30,35,71,73,88,111,128,132,172,141,184,201,201,169,156,155,137,57,0
2017,1,27,2541,0,9,35,45,96,163,109,183,221,217,246,234,193,233,275,187,129,98,87,83,72
2017,1,27,2542,1,44,71,81,128,203,180,262,240,227,262,194,181,172,161,106,87,94,77,26,0
2017,1,27,2542,0,12,65,70,92,159,170,271,214,185,204,172,189,160,232,152,89,101,110,82,2
2017,1,27,2543,1,100,185,300,396,540,479,504,479,467,527,465,492,463,396,317,236,196,163,74,0
2017,1,27,2543,0,9,136,140,197,198,238,337,330,354,347,386,459,519,492,476,359,350,370,236,19
2017,1,27,2544,1,89,193,252,347,427,409,433,443,497,466,469,516,552,929,347,193,203,168,64,2
2017,1,27,2544,0,17,166,142,255,263,439,559,488,521,405,431,461,479,406,398,326,353,363,217,14
2017,1,27,2545,1,75,103,151,238,295,286,293,365,356,294,299,296,335,286,211,183,178,163,88,0
2017,1,27,2545,0,13,69,83,124,186,195,314,312,343,344,374,402,413,487,420,319,290,258,236,145
2017,1,27,2546,1,102,148,232,316,383,491,470,523,566,502,514,521,486,386,303,230,177,124,59,0
2017,1,27,2546,0,21,102,121,151,282,342,362,385,379,427,356,410,403,505,378,354,324,327,236,25
2017,1,27,2547,1,62,144,165,241,287,348,414,359,471,393,372,363,384,307,192,153,141,135,64,1
2017,1,27,2547,0,27,119,122,175,252,298,281,287,302,248,302,296,363,349,278,294,214,237,176,12
2017,1,27,2548,1,102,156,256,287,384,445,615,651,783,754,839,889,949,946,794,829,550,549,266,0
2017,1,27,2548,0,20,147,183,308,646,544,704,664,850,851,804,901,841,954,706,517,451,410,310,51
2017,1,27,2549,1,165,188,298,442,507,619,594,662,582,570,578,518,528,414,331,287,262,214,87,2
2017,1,27,2549,0,20,161,175,225,304,396,375,344,412,426,389,497,484,561,445,419,343,357,319,100
2017,1,27,2550,1,61,94,104,196,216,248,270,260,307,233,246,253,224,191,176,140,135,76,28,2
2017,1,27,2550,0,15,56,63,108,132,183,175,211,226,200,230,259,324,315,240,249,173,207,114,24
2017,1,27,2551,1,72,125,178,263,272,333,335,362,330,309,338,337,298,264,213,192,153,121,44,0
2017,1,27,2551,0,13,50,83,112,154,258,183,224,218,282,283,309,399,338,285,297,239,263,134,39
2017,1,27,2552,1,50,91,148,179,217,242,301,262,252,271,206,228,206,179,118,93,52,54,15,1
2017,1,27,2552,0,24,40,63,108,111,168,130,172,203,229,207,197,278,250,238,154,197,165,110,30
2017,1,27,2553,1,45,68,116,113,197,178,179,235,254,229,252,231,281,189,163,116,86,63,27,0
2017,1,27,2553,0,24,61,80,109,130,130,153,173,196,180,197,224,166,295,172,130,190,125,126,15
2017,1,27,2554,1,73,147,223,289,329,297,409,371,303,277,285,278,288,256,153,106,71,62,18,0
2017,1,27,2554,0,15,70,103,112,124,157,208,217,211,225,284,286,283,379,348,239,210,225,187,24
2017,1,27,2555,1,92,140,180,265,342,402,384,379,405,444,390,396,362,337,203,190,140,128,92,0
2017,1,27,2555,0,17,99,133,129,194,261,276,315,335,303,363,394,416,521,392,265,271,280,223,0
2017,1,27,2556,1,16,74,43,62,94,97,126,137,137,150,135,149,131,129,72,55,36,33,9,0
2017,1,27,2556,0,11,71,31,103,85,59,90,114,96,127,119,132,99,90,85,64,75,69,65,0
2017,1,27,2557,1,37,67,74,94,133,136,181,190,184,134,175,200,152,144,115,100,97,87,35,0
2017,1,27,2557,0,17,63,47,70,142,108,92,146,110,160,133,167,166,181,172,95,99,104,72,0
2017,1,27,2558,1,14,20,48,48,69,90,86,85,81,77,75,81,83,80,60,35,30,26,12,0
2017,1,27,2558,0,9,23,29,33,51,45,38,57,64,60,56,74,86,84,89,56,43,63,69,6
2017,1,27,2559,1,44,83,84,127,159,186,212,210,203,169,164,167,142,124,108,75,67,39,14,0
2017,1,27,2559,0,7,51,65,67,81,105,109,111,144,146,150,152,216,224,180,179,119,151,98,30
2017,1,27,2560,1,90,76,118,181,229,243,236,205,244,228,185,193,177,122,110,96,61,69,21,0
2017,1,27,2560,0,8,49,52,81,97,90,148,146,181,157,178,210,277,207,180,188,172,133,83,19
2017,1,27,2561,1,80,78,118,177,184,196,216,223,210,195,173,170,160,114,83,75,62,31,17,0
2017,1,27,2561,0,2,67,63,98,124,155,204,163,181,139,217,163,224,279,157,150,156,112,144,23
2017,1,27,2611,1,181,235,355,558,586,622,750,709,737,741,640,674,534,520,391,293,242,204,104,0
2017,1,27,2611,0,30,147,148,177,260,308,353,437,491,479,600,623,656,720,609,572,564,485,450,131
2017,1,27,2612,1,32,55,107,127,107,121,175,142,131,128,138,111,112,105,70,48,42,46,18,1
2017,1,27,2612,0,7,28,35,70,80,93,96,109,106,111,131,115,165,156,153,107,133,125,117,0
2017,1,27,2613,1,30,39,76,92,108,164,170,205,232,267,278,272,296,273,238,166,194,137,30,1
2017,1,27,2613,0,3,30,53,74,135,140,175,192,210,196,221,249,216,223,201,138,119,140,93,17
2017,1,27,2614,1,36,42,55,82,125,106,96,112,111,121,104,102,129,87,63,52,44,25,11,3
2017,1,27,2614,0,4,34,41,53,75,111,117,76,84,98,101,99,119,103,135,79,93,100,72,32
2017,1,27,2616,1,74,98,141,209,258,237,285,324,324,303,262,275,264,202,128,149,106,66,28,0
2017,1,27,2616,0,3,49,72,56,91,127,124,153,161,180,204,214,245,264,212,182,156,140,142,0
2017,1,27,2617,1,121,171,233,358,411,467,502,456,520,440,386,457,412,331,252,196,151,117,58,2
2017,1,27,2617,0,17,97,123,134,172,219,270,292,320,324,370,406,474,536,438,358,378,402,290,47
2017,1,27,2618,1,122,148,204,309,370,385,382,421,361,420,405,377,389,318,198,200,148,144,45,1
2017,1,27,2618,0,18,84,69,110,130,223,243,230,289,303,292,433,383,429,340,295,325,295,269,36
2017,1,27,2619,1,83,154,219,280,406,430,466,420,429,383,388,436,409,361,252,214,157,120,72,6
2017,1,27,2619,0,36,133,201,328,287,268,291,303,323,361,368,376,450,471,367,313,336,327,223,76
2017,1,27,2620,1,19,44,51,75,81,149,228,233,246,323,330,394,380,404,271,231,247,203,117,2
2017,1,27,2620,0,23,59,82,205,229,215,249,344,414,399,366,329,252,257,193,156,145,107,55,1
2017,1,27,2621,1,125,148,226,315,448,401,415,395,460,407,393,413,396,354,240,201,192,161,80,0
2017,1,27,2621,0,40,120,117,191,173,199,262,300,350,297,302,344,388,357,275,245,283,245,205,0
2017,1,27,2622,1,105,147,157,221,353,433,451,509,536,659,587,610,533,489,348,316,250,204,97,2
2017,1,27,2622,0,25,78,81,151,255,357,506,553,633,630,623,627,575,497,388,316,262,203,156,2
2017,1,27,2623,1,101,105,106,194,241,259,341,374,397,374,450,478,517,473,399,392,441,448,288,0
2017,1,27,2623,0,23,95,103,150,212,276,342,369,419,461,499,451,528,469,378,281,241,224,192,0
2017,1,27,2624,1,143,139,90,124,142,158,183,217,285,263,318,380,440,446,401,406,470,542,391,2
2017,1,27,2624,0,17,53,42,80,141,281,361,487,529,483,486,601,620,614,445,312,301,222,144,0
2017,1,27,2625,1,37,78,91,152,224,250,246,245,287,249,204,237,241,211,150,124,87,108,46,1
2017,1,27,2625,0,23,62,94,126,139,124,153,179,180,177,219,216,227,240,170,176,140,119,123,13
2017,1,27,2626,1,48,80,97,130,165,165,210,236,228,170,195,217,236,205,111,116,94,87,48,2
2017,1,27,2626,0,22,42,70,128,90,124,133,140,145,154,175,183,203,181,140,122,97,124,156,23
2017,1,27,2627,1,151,149,163,203,272,376,409,414,395,452,442,439,493,473,358,250,287,216,117,1
2017,1,27,2627,0,54,103,127,218,269,282,265,330,333,335,303,386,419,418,301,230,278,228,213,121
2017,1,27,2628,1,50,66,74,136,170,188,187,184,180,216,193,173,208,153,113,104,81,50,30,0
2017,1,27,2628,0,8,59,56,91,109,117,112,117,139,148,138,178,179,147,158,115,83,108,76,7
2017,1,27,2629,1,22,44,50,64,99,126,164,190,220,207,200,292,303,293,153,104,96,91,38,2
2017,1,27,2629,0,11,39,63,106,120,99,111,141,148,132,131,132,96,104,94,104,73,91,73,12
2017,1,27,2630,1,37,43,51,70,121,109,153,176,186,236,235,315,326,356,258,274,302,366,177,0
2017,1,27,2630,0,20,50,66,87,130,150,219,293,340,397,359,328,493,407,287,184,131,113,66,7
2017,1,27,2631,1,539,372,313,286,243,319,369,434,771,1451,1149,1020,1015,965,889,893,1103,1159,753,1
2017,1,27,2631,0,34,111,105,196,325,520,1099,1703,1240,1002,1062,1115,1360,1501,1192,940,910,710,600,62
2017,1,27,2632,1,27,28,45,59,73,54,57,76,77,153,191,186,206,253,168,134,903,233,66,2
2017,1,27,2632,0,9,90,58,111,121,145,210,249,271,225,261,347,588,195,110,68,74,35,51,84
2017,1,27,2633,1,18,23,27,38,54,62,95,65,89,70,51,49,71,59,38,31,24,35,15,0
2017,1,27,2633,0,7,14,19,41,39,43,51,58,63,48,67,86,74,86,52,55,46,48,43,4
2017,1,27,2634,1,25,16,30,63,67,88,81,96,109,104,115,95,125,94,70,59,78,64,33,0
2017,1,27,2634,0,8,28,34,80,57,83,75,56,86,99,83,81,103,99,69,54,62,39,45,4
2017,1,27,2635,1,26,41,45,74,107,95,98,81,107,86,88,83,95,95,77,63,45,33,16,2
2017,1,27,2635,0,5,18,19,62,69,61,82,75,91,81,87,105,108,118,67,60,76,79,57,17
2017,1,27,2636,1,32,42,59,108,149,98,129,139,149,160,165,190,175,159,100,89,82,83,39,1
2017,1,27,2636,0,8,41,68,135,86,85,110,108,124,123,135,124,124,96,112,80,69,61,61,18
2017,1,27,2637,1,42,73,96,127,176,182,252,295,377,417,504,530,433,345,240,190,152,102,62,1
2017,1,27,2637,0,14,43,62,101,169,199,324,352,352,403,416,324,262,232,192,168,128,156,132,40
2017,1,27,2638,1,45,38,65,91,103,112,117,111,98,75,88,76,78,69,41,50,34,15,13,0
2017,1,27,2638,0,12,31,33,104,50,52,69,57,63,60,75,102,79,56,81,54,57,60,58,14
2017,1,27,2639,1,76,104,141,214,323,237,256,283,289,257,242,252,256,206,156,148,116,149,65,0
2017,1,27,2639,0,14,59,53,88,98,128,134,161,154,151,183,214,222,236,183,210,185,168,148,17
2017,1,27,2640,1,72,92,134,168,190,221,242,329,327,354,352,351,416,339,256,207,213,217,121,0
2017,1,27,2640,0,17,62,78,126,166,155,185,188,207,193,254,237,259,226,224,143,188,185,137,112
2017,1,27,2641,1,48,97,161,201,256,258,309,320,274,325,327,269,303,258,194,115,154,122,65,0
2017,1,27,2641,0,10,72,90,117,121,149,174,178,162,197,207,233,260,241,216,184,177,212,161,6
2017,1,27,2642,1,107,120,207,303,354,400,359,447,418,353,372,423,410,366,239,197,153,134,81,0
2017,1,27,2642,0,20,97,114,170,217,215,302,306,305,335,402,375,403,387,358,268,237,237,176,2
2017,1,27,2643,1,94,93,111,199,193,204,214,231,170,199,162,157,168,123,110,85,67,48,27,0
2017,1,27,2643,0,15,52,44,60,93,78,111,138,130,149,154,153,205,188,170,124,142,184,99,5
2017,1,27,2644,1,132,137,166,303,308,339,315,318,275,339,282,307,273,219,213,146,132,104,68,0
2017,1,27,2644,0,14,72,64,97,108,176,185,167,230,251,275,277,317,349,270,216,201,237,204,14
2017,1,27,2645,1,147,182,246,387,402,425,457,445,495,406,433,370,377,328,264,229,174,124,109,2
2017,1,27,2645,0,19,90,101,119,170,205,261,312,331,338,362,431,452,517,464,347,386,347,308,22
2017,1,27,2646,1,43,48,76,158,140,157,188,154,178,168,150,164,147,108,100,92,71,42,22,0
2017,1,27,2646,0,9,52,42,48,90,79,142,134,179,132,136,145,187,181,172,124,123,171,136,30
2017,1,27,2647,1,73,136,204,522,350,373,343,410,367,310,342,299,309,216,141,114,113,87,29,1
2017,1,27,2647,0,20,68,58,104,166,167,153,188,190,235,202,213,291,328,280,203,218,243,185,15
2017,1,27,2648,1,79,115,164,259,283,287,286,274,297,306,279,273,248,219,167,137,85,81,42,2
2017,1,27,2648,0,33,82,77,139,151,152,222,202,213,226,213,317,296,335,228,253,213,218,216,25
2017,1,27,2711,1,18,24,44,43,54,47,64,50,67,43,61,81,45,45,34,19,24,15,5,0
2017,1,27,2711,0,3,6,9,15,56,35,23,40,32,36,33,17,29,25,18,14,24,25,3,0
2017,1,27,2712,1,46,199,179,273,232,238,297,288,291,272,271,309,238,216,117,112,75,43,20,2
2017,1,27,2712,0,12,112,107,145,297,392,379,318,324,279,290,280,302,359,299,276,253,274,239,68
2017,1,27,2713,1,154,191,278,385,421,495,509,519,515,542,498,512,423,367,271,217,159,144,75,1
2017,1,27,2713,0,14,98,102,174,289,426,377,419,363,348,355,502,480,536,475,321,358,345,259,63
2017,1,27,2714,1,132,211,348,435,461,509,547,542,510,440,459,403,378,283,214,162,95,108,22,1
2017,1,27,2714,0,40,70,102,159,278,211,296,307,352,360,379,379,423,424,314,274,232,323,236,23
2017,1,27,2715,1,141,238,260,320,412,432,522,598,641,653,657,722,723,654,480,518,446,440,286,2
2017,1,27,2715,0,51,97,145,274,395,395,510,560,688,758,756,782,776,843,668,508,409,358,331,40
2017,1,27,2716,1,126,241,291,402,532,536,513,562,489,467,435,450,390,335,322,205,161,114,55,1
2017,1,27,2716,0,40,96,120,144,193,216,291,330,333,387,360,387,418,518,415,323,340,335,258,33
2017,1,27,2717,1,116,233,327,536,578,705,700,675,679,698,656,655,630,558,459,329,269,323,93,0
2017,1,27,2717,0,46,135,141,250,397,337,404,514,573,535,608,593,680,675,540,421,441,478,323,44
2017,1,27,2718,1,118,155,236,326,363,394,395,388,430,397,412,351,377,333,235,197,176,132,59,1
2017,1,27,2718,0,27,89,92,159,167,183,213,283,231,299,314,345,367,438,360,316,281,286,228,27
2017,1,27,2719,1,103,111,139,332,246,231,286,255,306,238,278,247,287,235,170,154,121,101,44,1
2017,1,27,2719,0,16,59,82,97,130,136,148,184,140,207,193,226,219,257,211,186,143,173,121,127
2017,1,27,2720,1,116,158,197,327,361,319,366,361,361,381,342,356,314,278,218,151,162,113,57,1
2017,1,27,2720,0,15,73,71,115,136,203,225,272,276,275,279,328,353,433,339,315,267,243,200,21
2017,1,27,2721,1,132,137,234,318,382,353,384,432,356,355,339,349,341,297,230,174,151,128,48,2
2017,1,27,2721,0,20,95,75,131,171,211,179,274,303,271,337,272,446,408,366,327,305,287,238,16
2017,1,27,2722,1,195,232,313,441,507,540,601,589,588,613,598,648,677,639,528,379,308,284,132,1
2017,1,27,2722,0,33,142,172,254,360,426,495,565,540,620,588,644,649,631,503,451,372,419,362,39
2017,1,27,2723,1,172,196,326,541,597,582,593,553,604,550,542,546,530,450,318,271,226,161,71,0
2017,1,27,2723,0,18,135,145,144,281,278,339,396,426,470,504,552,510,605,527,472,435,438,307,26
2017,1,27,2724,1,159,230,329,475,524,571,577,625,617,589,561,584,590,487,371,344,237,278,111,0
2017,1,27,2724,0,27,137,143,193,285,305,376,469,425,482,480,563,566,671,580,512,452,422,301,56
2017,1,27,2725,1,74,95,140,209,259,243,216,219,210,184,217,199,169,162,98,110,79,48,19,0
2017,1,27,2725,0,18,47,53,72,79,130,158,172,138,165,207,175,209,262,178,155,178,165,113,24
2017,1,27,2726,1,81,128,194,270,332,337,355,378,382,325,349,315,254,253,170,145,136,91,54,2
2017,1,27,2726,0,13,73,112,111,124,190,215,278,247,246,257,292,350,380,298,265,254,325,198,6
2017,1,27,2727,1,120,171,250,355,453,535,485,477,501,515,504,449,463,417,298,294,232,206,98,0
2017,1,27,2727,0,7,81,79,67,133,139,155,186,209,225,201,266,290,277,215,221,167,191,135,10
2017,1,27,2728,1,75,147,173,227,321,329,341,359,439,381,486,467,499,473,273,261,269,244,105,2
2017,1,27,2728,0,16,88,98,142,222,243,270,314,342,383,287,306,303,309,227,217,166,183,149,7
2017,1,27,2729,1,107,155,172,213,239,248,360,404,471,527,616,659,725,702,568,574,586,541,302,0
2017,1,27,2729,0,22,123,169,275,316,379,533,638,688,664,750,647,744,657,454,317,263,241,170,103
2017,1,27,2730,1,60,91,160,232,261,268,267,304,300,267,287,295,315,198,119,135,113,83,30,0
2017,1,27,2730,0,17,81,66,94,118,207,278,259,233,279,266,268,263,278,204,169,194,171,124,4
2017,1,27,2731,1,80,159,159,190,254,223,303,310,357,354,356,401,426,504,314,298,262,293,83,0
2017,1,27,2731,0,71,241,292,425,542,324,319,372,313,332,354,318,351,286,245,183,177,175,139,125
2017,1,27,2732,1,56,104,111,128,158,185,196,233,230,253,223,250,270,347,241,242,215,223,111,3
2017,1,27,2732,0,21,116,105,299,353,290,240,235,246,197,221,236,195,189,137,116,130,86,81,15
2017,1,27,2733,1,138,154,145,171,195,165,165,258,215,263,281,303,376,626,242,246,235,199,77,2
2017,1,27,2733,0,22,196,162,296,404,360,358,280,244,233,230,205,212,187,166,148,115,110,95,6
2017,1,27,2734,1,169,201,160,207,246,264,324,344,325,325,370,410,404,444,348,318,366,402,166,0
2017,1,27,2734,0,23,163,169,330,522,369,341,365,344,415,310,388,399,404,293,224,227,198,115,5
2017,1,27,2735,1,26,59,43,78,135,118,153,179,190,185,174,211,248,251,183,170,170,244,61,0
2017,1,27,2735,0,14,100,120,237,268,175,172,235,158,174,163,164,159,107,95,65,67,51,53,3
2017,1,27,2736,1,58,91,166,288,433,563,764,769,872,899,874,912,792,808,620,612,632,535,204,0
2017,1,27,2736,0,96,959,1100,1142,1296,1276,1288,1234,1268,1114,971,898,766,670,445,335,297,205,141,2
2017,1,27,2737,1,67,114,128,203,273,289,288,334,353,343,387,372,374,308,219,205,163,144,68,0
2017,1,27,2737,0,34,156,111,202,290,237,231,282,249,252,251,281,312,315,264,187,185,155,115,116
2017,1,27,2738,1,109,207,195,309,362,431,499,553,568,528,542,549,539,457,396,409,428,361,195,4
2017,1,27,2738,0,20,141,120,227,336,386,334,412,429,492,480,522,540,521,471,319,294,275,224,17
2017,1,27,2739,1,103,169,211,329,447,417,401,459,398,398,332,338,305,253,194,172,147,99,64,0
2017,1,27,2739,0,28,89,81,128,168,194,286,260,283,251,297,330,386,403,295,236,265,246,185,7
2017,1,27,2740,1,130,192,272,336,386,401,424,437,450,458,387,370,375,307,264,174,166,170,0,0
2017,1,27,2740,0,29,86,62,105,167,169,231,264,245,297,331,332,391,392,313,302,240,228,0,0
2017,1,27,2741,1,81,140,197,284,342,393,399,380,322,322,310,308,329,243,159,166,154,115,54,1
2017,1,27,2741,0,33,64,82,100,140,160,198,226,208,219,243,238,294,285,233,200,194,199,152,0
2017,1,27,2742,1,107,157,206,358,387,410,429,430,450,392,366,370,332,306,246,188,170,130,61,0
2017,1,27,2742,0,22,86,105,162,205,232,279,305,360,286,317,336,379,363,299,279,291,235,194,12
2017,1,27,2743,1,184,239,336,476,589,541,625,685,553,583,527,568,527,492,304,278,266,179,96,1
2017,1,27,2743,0,18,97,159,176,285,302,343,446,379,495,412,450,494,452,423,393,333,375,235,26
2017,1,27,2744,1,72,106,136,209,243,261,296,341,273,241,256,297,273,193,159,140,146,101,48,1
2017,1,27,2744,0,24,66,79,110,178,156,173,219,227,197,221,216,246,236,205,183,140,140,96,13
2017,1,27,2745,1,108,146,228,343,425,400,456,438,388,380,379,387,327,310,258,237,202,145,69,0
2017,1,27,2745,0,25,118,106,164,190,284,381,411,374,309,380,332,374,376,318,292,275,296,177,88
2017,1,27,2746,1,117,163,173,293,467,704,808,921,1027,1012,915,813,782,564,509,471,327,305,192,0
2017,1,27,2746,0,20,85,117,176,436,859,1346,1038,926,913,691,769,738,622,538,444,437,331,189,1
2017,1,27,2747,1,150,197,346,484,537,590,656,611,629,603,605,610,602,449,410,408,352,238,146,1
2017,1,27,2747,0,24,131,156,198,384,516,750,668,748,624,598,662,632,553,473,394,400,388,222,2
2017,1,27,2748,1,95,159,245,230,346,373,428,553,623,848,971,1141,1281,1265,1013,774,980,314,111,0
2017,1,27,2748,0,31,122,195,374,702,588,795,967,933,912,1100,817,719,488,292,183,160,141,108,8
2017,1,27,2749,1,202,288,391,562,682,742,773,823,829,783,734,739,744,639,495,431,416,398,196,0
2017,1,27,2749,0,57,159,187,295,434,446,538,667,666,647,745,667,871,945,741,621,572,591,389,40
2017,1,27,2750,1,323,343,532,775,1040,1174,1249,1247,1262,1305,1328,1221,1125,940,625,549,516,423,164,6
2017,1,27,2750,0,65,240,268,353,595,806,989,1190,1105,1301,1194,1336,1174,1291,1073,797,904,676,602,57
2017,1,27,2751,1,84,130,153,217,292,359,298,305,312,285,279,272,228,174,142,134,77,63,26,0
2017,1,27,2751,0,16,80,86,98,89,145,177,202,239,266,273,262,283,305,215,227,185,230,168,11
2017,1,27,2752,1,106,122,204,272,361,287,298,287,305,278,255,221,260,178,156,112,79,98,57,0
2017,1,27,2752,0,18,64,84,103,185,168,182,196,223,258,241,282,328,320,349,272,253,203,178,158
2017,1,27,2753,1,29,67,137,204,221,207,263,242,220,251,199,183,188,170,122,113,90,62,23,2
2017,1,27,2753,0,9,43,50,63,115,98,129,210,180,127,193,251,213,229,222,157,177,165,142,2
2017,1,27,2754,1,48,61,96,178,179,157,170,191,183,208,188,149,139,137,105,76,83,57,28,0
2017,1,27,2754,0,10,49,54,67,96,102,113,123,155,149,122,185,169,206,133,140,113,165,110,1
2017,1,27,2755,1,61,90,123,216,255,291,278,254,272,253,262,233,246,185,155,123,91,65,67,0
2017,1,27,2755,0,16,64,79,97,143,133,209,152,222,225,238,222,271,224,229,220,181,198,157,0
2017,1,27,2756,1,94,155,210,303,308,410,419,426,437,406,422,390,368,309,293,283,227,115,71,0
2017,1,27,2756,0,22,79,84,158,188,221,348,312,329,389,329,400,445,444,395,250,180,155,100,1
2017,1,27,2757,1,89,121,149,243,267,300,308,360,405,421,492,510,485,473,452,573,369,309,166,0
2017,1,27,2757,0,32,85,96,187,403,302,443,399,438,516,555,475,498,540,443,300,254,201,177,26
2017,1,27,2758,1,80,131,177,215,284,289,320,407,405,410,476,470,464,513,395,374,355,334,187,4
2017,1,27,2758,0,55,123,180,275,394,378,425,442,595,426,516,512,461,448,343,319,245,201,195,25
2017,1,27,2759,1,30,52,78,125,132,171,151,153,199,170,153,164,145,128,83,85,86,45,26,0
2017,1,27,2759,0,6,29,25,40,76,99,121,135,141,111,185,201,147,178,162,139,119,116,124,39
2017,1,27,2760,1,79,106,194,224,299,333,323,328,334,317,308,266,276,265,208,135,154,113,39,1
2017,1,27,2760,0,18,76,72,101,187,138,191,274,223,240,303,265,458,390,340,322,290,218,226,38
2017,1,27,2761,1,98,135,218,320,408,428,422,384,367,376,310,330,297,257,207,160,151,123,39,0
2017,1,27,2761,0,10,66,85,94,122,173,171,267,254,272,263,317,410,333,294,319,303,237,201,37
2017,1,27,2811,1,196,205,329,489,559,566,641,639,549,572,546,570,500,395,275,257,198,107,62,0
2017,1,27,2811,0,28,114,118,169,222,253,355,337,426,382,424,503,544,634,533,430,417,397,313,46
2017,1,27,2812,1,140,190,253,408,482,488,600,616,633,624,634,670,655,659,514,493,354,340,162,1
2017,1,27,2812,0,34,150,152,249,492,489,588,679,669,822,722,944,871,1036,713,496,588,478,315,56
2017,1,27,2813,1,61,81,120,217,273,292,279,306,292,296,274,269,259,243,170,142,101,83,43,0
2017,1,27,2813,0,12,85,88,140,146,150,185,190,204,227,264,299,328,321,278,214,219,209,153,11
2017,1,27,2814,1,34,65,74,115,142,192,192,163,197,178,208,263,289,183,166,117,117,88,39,0
2017,1,27,2814,0,11,77,65,83,168,125,161,151,199,197,165,176,190,163,147,88,93,80,52,5
2017,1,27,2815,1,38,50,43,111,152,137,204,269,377,484,624,728,836,846,741,628,708,538,274,0
2017,1,27,2815,0,24,76,136,389,488,562,747,792,813,836,777,725,662,583,351,260,180,94,80,32
2017,1,27,2816,1,62,107,139,217,275,279,268,282,274,288,272,294,246,238,188,133,131,108,46,0
2017,1,27,2816,0,12,60,77,117,162,147,164,229,227,207,234,269,277,261,244,184,199,159,129,23
2017,1,27,2817,1,24,76,75,122,132,138,150,155,155,132,145,112,115,127,76,73,58,39,19,0
2017,1,27,2817,0,26,68,47,82,84,97,90,142,101,139,104,149,145,145,129,90,82,78,63,15
2017,1,27,2818,1,56,119,131,187,224,191,286,311,287,279,283,271,238,247,164,184,136,137,79,1
2017,1,27,2818,0,35,123,138,276,286,320,291,289,289,268,295,268,226,266,157,159,106,104,88,88
2017,1,27,2819,1,24,81,86,139,167,160,178,219,188,174,171,161,195,195,108,111,71,60,29,0
2017,1,27,2819,0,16,47,76,92,111,116,101,106,126,144,168,195,149,225,271,112,126,116,81,2
2017,1,27,2820,1,93,161,191,273,298,366,404,388,444,451,491,527,507,517,445,369,314,357,111,0
2017,1,27,2820,0,40,118,193,290,387,265,369,443,393,442,447,441,462,492,467,326,247,271,232,0
2017,1,27,2821,1,49,89,159,206,227,231,193,248,230,202,205,225,214,192,113,75,80,114,43,1
2017,1,27,2821,0,20,58,66,115,106,87,96,154,106,123,159,160,174,166,231,142,133,124,112,16
2017,1,27,2822,1,90,106,149,234,246,240,226,237,246,302,250,191,181,132,115,71,61,45,20,2
2017,1,27,2822,0,12,59,49,79,102,129,158,158,172,129,220,195,233,275,245,179,179,215,114,15
2017,1,27,2823,1,135,182,298,403,493,450,480,507,486,427,362,400,365,293,164,134,138,77,25,1
2017,1,27,2823,0,33,107,126,126,185,213,262,265,343,310,353,366,416,459,416,365,302,380,252,33
2017,1,27,2824,1,133,159,302,400,441,443,439,438,434,396,369,398,320,291,191,189,155,112,47,1
2017,1,27,2824,0,23,108,99,117,185,227,266,313,313,333,342,386,410,454,430,359,343,341,248,37
2017,1,27,2825,1,51,66,85,158,204,201,219,219,222,200,212,204,215,155,124,101,91,52,28,0
2017,1,27,2825,0,6,45,41,70,83,124,153,184,180,199,201,202,228,214,208,156,157,155,90,5
2017,1,27,2826,1,32,67,121,170,191,210,207,238,202,211,198,216,181,175,116,95,94,54,29,3
2017,1,27,2826,0,13,52,41,57,94,88,145,151,134,188,183,184,177,171,150,138,134,133,96,9
2017,1,27,2827,1,22,40,50,75,90,158,174,153,170,181,143,150,150,175,74,86,82,98,55,0
2017,1,27,2827,0,4,46,45,48,77,86,106,98,135,120,113,145,152,131,141,107,76,81,51,8
